_id,AnnoA,AteneoCOD,AteneoNOME,Isc_S
1,2021/2022,101,Torino,5062
2,2021/2022,102,Torino Politecnico,5857
3,2021/2022,201,Piemonte Orientale,1226
4,2021/2022,401,Bra Scienze Gastronomiche,75
5,2021/2022,701,Aosta,52
6,2021/2022,1001,Genova,3416
7,2021/2022,1201,Castellanza LIUC,59
8,2021/2022,1202,Insubria,699
9,2021/2022,1301,Novedrate e-Campus - telematica,1030
10,2021/2022,1501,Milano,4845
11,2021/2022,1502,Milano Politecnico,7477
12,2021/2022,1503,Milano Bocconi,2765
13,2021/2022,1504,Milano Cattolica,2413
14,2021/2022,1505,Milano IULM,339
15,2021/2022,1508,Milano San Raffaele,246
16,2021/2022,1509,Milano Bicocca,1930
17,2021/2022,1510,Rozzano (MI) Humanitas University,310
18,2021/2022,1601,Bergamo,1297
19,2021/2022,1701,Brescia,1110
20,2021/2022,1801,Pavia,2651
21,2021/2022,2101,Bolzano,623
22,2021/2022,2201,Trento,879
23,2021/2022,2301,Verona,1074
24,2021/2022,2701,Venezia Cà Foscari,1646
25,2021/2022,2702,Venezia Iuav,409
26,2021/2022,2801,Padova,5683
27,2021/2022,3001,Udine,670
28,2021/2022,3201,Trieste,1079
29,2021/2022,3401,Parma,2112
30,2021/2022,3601,Modena e Reggio Emilia,1313
31,2021/2022,3701,Bologna,8371
32,2021/2022,3801,Ferrara,1143
33,2021/2022,4101,Urbino,762
34,2021/2022,4201,Marche,816
35,2021/2022,4301,Macerata,476
36,2021/2022,4302,Camerino,533
37,2021/2022,4801,Firenze,3853
38,2021/2022,4804,Firenze IUL - telematica,30
39,2021/2022,5001,Pisa,1970
40,2021/2022,5201,Siena,1517
41,2021/2022,5202,Siena Stranieri,229
42,2021/2022,5401,Perugia,1770
43,2021/2022,5403,Perugia Stranieri,425
44,2021/2022,5601,Tuscia,294
45,2021/2022,5801,Roma La Sapienza,9165
46,2021/2022,5802,Roma Tor Vergata,2573
47,2021/2022,5803,Roma LUMSA,299
48,2021/2022,5805,Roma LUISS,593
49,2021/2022,5806,Roma Foro Italico,40
50,2021/2022,5807,Roma Tre,1497
51,2021/2022,5808,Roma Biomedico,50
52,2021/2022,5809,Roma UNINT,53
53,2021/2022,5810,Roma Marconi - telematica,293
54,2021/2022,5811,Roma UNITELMA - telematica,85
55,2021/2022,5812,Roma Europea,34
56,2021/2022,5813,Roma UNINETTUNO - telematica,988
57,2021/2022,5814,Roma  Mercatorum - telematica,816
58,2021/2022,5815,Roma UNICUSANO - telematica,801
59,2021/2022,5816,Roma San Raffaele - telematica,114
60,2021/2022,5817,Roma Link Campus,36
61,2021/2022,5818,Roma Saint Camillus,409
62,2021/2022,6001,Cassino,933
63,2021/2022,6201,Sannio,29
64,2021/2022,6202,Benevento Giustino Fortunato - telematica,38
65,2021/2022,6301,Napoli Federico II,863
66,2021/2022,6302,Napoli Parthenope,163
67,2021/2022,6303,Napoli L'Orientale,395
68,2021/2022,6304,Napoli Benincasa,57
69,2021/2022,6306,Napoli Vanvitelli,569
70,2021/2022,6307,Napoli Pegaso - telematica,475
71,2021/2022,6501,Salerno,421
72,2021/2022,6601,L'Aquila,625
73,2021/2022,6701,Teramo,177
74,2021/2022,6901,Chieti e Pescara,542
75,2021/2022,6902,Torrevecchia Teatina Leonardo da Vinci - telematica,1
76,2021/2022,7001,Molise,91
77,2021/2022,7101,Foggia,145
78,2021/2022,7201,Bari,732
79,2021/2022,7202,Bari Politecnico,135
80,2021/2022,7203,Casamassima - G.Degennaro,6
81,2021/2022,7501,Salento,308
82,2021/2022,7601,Basilicata,52
83,2021/2022,7801,Calabria,1118
84,2021/2022,7901,Catanzaro,208
85,2021/2022,8001,Reggio Calabria,103
86,2021/2022,8003,Reggio Calabria - Dante Alighieri,92
87,2021/2022,8201,Palermo,729
88,2021/2022,8301,Messina,1069
89,2021/2022,8601,Enna KORE,32
90,2021/2022,8701,Catania,549
91,2021/2022,9001,Sassari,273
92,2021/2022,9201,Cagliari,369
93,2020/2021,101,Torino,4888
94,2020/2021,102,Torino Politecnico,5066
95,2020/2021,201,Piemonte Orientale,1127
96,2020/2021,401,Bra Scienze Gastronomiche,96
97,2020/2021,701,Aosta,61
98,2020/2021,1001,Genova,3308
99,2020/2021,1201,Castellanza LIUC,50
100,2020/2021,1202,Insubria,671
101,2020/2021,1301,Novedrate e-Campus - telematica,923
102,2020/2021,1501,Milano,4755
103,2020/2021,1502,Milano Politecnico,7598
104,2020/2021,1503,Milano Bocconi,2565
105,2020/2021,1504,Milano Cattolica,2301
106,2020/2021,1505,Milano IULM,292
107,2020/2021,1508,Milano San Raffaele,221
108,2020/2021,1509,Milano Bicocca,1905
109,2020/2021,1510,Rozzano (MI) Humanitas University,356
110,2020/2021,1601,Bergamo,1416
111,2020/2021,1701,Brescia,1057
112,2020/2021,1801,Pavia,2392
113,2020/2021,2101,Bolzano,527
114,2020/2021,2201,Trento,810
115,2020/2021,2301,Verona,1098
116,2020/2021,2701,Venezia Cà Foscari,1568
117,2020/2021,2702,Venezia Iuav,352
118,2020/2021,2801,Padova,3823
119,2020/2021,3001,Udine,695
120,2020/2021,3201,Trieste,1065
121,2020/2021,3401,Parma,1880
122,2020/2021,3601,Modena e Reggio Emilia,1386
123,2020/2021,3701,Bologna,7767
124,2020/2021,3801,Ferrara,1195
125,2020/2021,4101,Urbino,816
126,2020/2021,4201,Marche,785
127,2020/2021,4301,Macerata,477
128,2020/2021,4302,Camerino,598
129,2020/2021,4801,Firenze,3928
130,2020/2021,4804,Firenze IUL - telematica,15
131,2020/2021,5001,Pisa,1996
132,2020/2021,5201,Siena,1451
133,2020/2021,5202,Siena Stranieri,270
134,2020/2021,5401,Perugia,1568
135,2020/2021,5403,Perugia Stranieri,415
136,2020/2021,5601,Tuscia,270
137,2020/2021,5801,Roma La Sapienza,8545
138,2020/2021,5802,Roma Tor Vergata,2434
139,2020/2021,5803,Roma LUMSA,248
140,2020/2021,5805,Roma LUISS,418
141,2020/2021,5806,Roma Foro Italico,48
142,2020/2021,5807,Roma Tre,1549
143,2020/2021,5808,Roma Biomedico,21
144,2020/2021,5809,Roma UNINT,75
145,2020/2021,5810,Roma Marconi - telematica,237
146,2020/2021,5811,Roma UNITELMA - telematica,79
147,2020/2021,5812,Roma Europea,30
148,2020/2021,5813,Roma UNINETTUNO - telematica,908
149,2020/2021,5814,Roma  Mercatorum - telematica,454
150,2020/2021,5815,Roma UNICUSANO - telematica,655
151,2020/2021,5816,Roma San Raffaele - telematica,100
152,2020/2021,5817,Roma Link Campus,40
153,2020/2021,5818,Roma Saint Camillus,345
154,2020/2021,6001,Cassino,764
155,2020/2021,6201,Sannio,30
156,2020/2021,6202,Benevento Giustino Fortunato - telematica,30
157,2020/2021,6301,Napoli Federico II,730
158,2020/2021,6302,Napoli Parthenope,96
159,2020/2021,6303,Napoli L'Orientale,428
160,2020/2021,6304,Napoli Benincasa,51
161,2020/2021,6306,Napoli Vanvitelli,410
162,2020/2021,6307,Napoli Pegaso - telematica,843
163,2020/2021,6501,Salerno,428
164,2020/2021,6601,L'Aquila,579
165,2020/2021,6701,Teramo,127
166,2020/2021,6901,Chieti e Pescara,564
167,2020/2021,7001,Molise,86
168,2020/2021,7101,Foggia,130
169,2020/2021,7201,Bari,721
170,2020/2021,7202,Bari Politecnico,115
171,2020/2021,7203,Casamassima - G.Degennaro,6
172,2020/2021,7501,Salento,233
173,2020/2021,7601,Basilicata,50
174,2020/2021,7801,Calabria,964
175,2020/2021,7901,Catanzaro,172
176,2020/2021,8001,Reggio Calabria,107
177,2020/2021,8003,Reggio Calabria - Dante Alighieri,112
178,2020/2021,8201,Palermo,580
179,2020/2021,8301,Messina,815
180,2020/2021,8601,Enna KORE,31
181,2020/2021,8701,Catania,486
182,2020/2021,9001,Sassari,289
183,2020/2021,9201,Cagliari,388
184,2019/2020,101,Torino,4769
185,2019/2020,102,Torino Politecnico,4688
186,2019/2020,201,Piemonte Orientale,952
187,2019/2020,401,Bra Scienze Gastronomiche,110
188,2019/2020,701,Aosta,62
189,2019/2020,1001,Genova,3088
190,2019/2020,1201,Castellanza LIUC,45
191,2019/2020,1202,Insubria,712
192,2019/2020,1301,Novedrate e-Campus - telematica,593
193,2019/2020,1501,Milano,4551
194,2019/2020,1502,Milano Politecnico,7151
195,2019/2020,1503,Milano Bocconi,2444
196,2019/2020,1504,Milano Cattolica,2271
197,2019/2020,1505,Milano IULM,305
198,2019/2020,1508,Milano San Raffaele,178
199,2019/2020,1509,Milano Bicocca,1875
200,2019/2020,1510,Rozzano (MI) Humanitas University,299
201,2019/2020,1601,Bergamo,1441
202,2019/2020,1701,Brescia,1041
203,2019/2020,1801,Pavia,2210
204,2019/2020,2101,Bolzano,528
205,2019/2020,2201,Trento,758
206,2019/2020,2301,Verona,1073
207,2019/2020,2701,Venezia Cà Foscari,1556
208,2019/2020,2702,Venezia Iuav,308
209,2019/2020,2801,Padova,3274
210,2019/2020,3001,Udine,744
211,2019/2020,3201,Trieste,1096
212,2019/2020,3401,Parma,1774
213,2019/2020,3601,Modena e Reggio Emilia,1423
214,2019/2020,3701,Bologna,7270
215,2019/2020,3801,Ferrara,1111
216,2019/2020,4101,Urbino,819
217,2019/2020,4201,Marche,769
218,2019/2020,4301,Macerata,468
219,2019/2020,4302,Camerino,631
220,2019/2020,4801,Firenze,4024
221,2019/2020,4804,Firenze IUL - telematica,5
222,2019/2020,5001,Pisa,1873
223,2019/2020,5201,Siena,1331
224,2019/2020,5202,Siena Stranieri,249
225,2019/2020,5401,Perugia,1441
226,2019/2020,5403,Perugia Stranieri,395
227,2019/2020,5601,Tuscia,244
228,2019/2020,5801,Roma La Sapienza,8339
229,2019/2020,5802,Roma Tor Vergata,2359
230,2019/2020,5803,Roma LUMSA,233
231,2019/2020,5805,Roma LUISS,326
232,2019/2020,5806,Roma Foro Italico,47
233,2019/2020,5807,Roma Tre,1508
234,2019/2020,5808,Roma Biomedico,14
235,2019/2020,5809,Roma UNINT,82
236,2019/2020,5810,Roma Marconi - telematica,198
237,2019/2020,5811,Roma UNITELMA - telematica,52
238,2019/2020,5812,Roma Europea,28
239,2019/2020,5813,Roma UNINETTUNO - telematica,806
240,2019/2020,5814,Roma  Mercatorum - telematica,155
241,2019/2020,5815,Roma UNICUSANO - telematica,530
242,2019/2020,5816,Roma San Raffaele - telematica,73
243,2019/2020,5817,Roma Link Campus,40
244,2019/2020,5818,Roma Saint Camillus,162
245,2019/2020,6001,Cassino,611
246,2019/2020,6201,Sannio,36
247,2019/2020,6202,Benevento Giustino Fortunato - telematica,25
248,2019/2020,6301,Napoli Federico II,633
249,2019/2020,6302,Napoli Parthenope,92
250,2019/2020,6303,Napoli L'Orientale,452
251,2019/2020,6304,Napoli Benincasa,42
252,2019/2020,6306,Napoli Vanvitelli,357
253,2019/2020,6307,Napoli Pegaso - telematica,469
254,2019/2020,6501,Salerno,454
255,2019/2020,6601,L'Aquila,569
256,2019/2020,6701,Teramo,118
257,2019/2020,6901,Chieti e Pescara,572
258,2019/2020,7001,Molise,88
259,2019/2020,7101,Foggia,129
260,2019/2020,7201,Bari,680
261,2019/2020,7202,Bari Politecnico,119
262,2019/2020,7203,Casamassima - G.Degennaro,8
263,2019/2020,7501,Salento,205
264,2019/2020,7601,Basilicata,37
265,2019/2020,7801,Calabria,778
266,2019/2020,7901,Catanzaro,152
267,2019/2020,8001,Reggio Calabria,95
268,2019/2020,8003,Reggio Calabria - Dante Alighieri,140
269,2019/2020,8201,Palermo,451
270,2019/2020,8301,Messina,493
271,2019/2020,8601,Enna KORE,25
272,2019/2020,8701,Catania,373
273,2019/2020,9001,Sassari,277
274,2019/2020,9201,Cagliari,353
275,2018/2019,101,Torino,4493
276,2018/2019,102,Torino Politecnico,4410
277,2018/2019,201,Piemonte Orientale,907
278,2018/2019,401,Bra Scienze Gastronomiche,101
279,2018/2019,701,Aosta,68
280,2018/2019,1001,Genova,2824
281,2018/2019,1201,Castellanza LIUC,33
282,2018/2019,1202,Insubria,647
283,2018/2019,1301,Novedrate e-Campus - telematica,434
284,2018/2019,1501,Milano,4121
285,2018/2019,1502,Milano Politecnico,6863
286,2018/2019,1503,Milano Bocconi,2267
287,2018/2019,1504,Milano Cattolica,2165
288,2018/2019,1505,Milano IULM,254
289,2018/2019,1508,Milano San Raffaele,157
290,2018/2019,1509,Milano Bicocca,1880
291,2018/2019,1510,Rozzano (MI) Humanitas University,238
292,2018/2019,1601,Bergamo,1300
293,2018/2019,1701,Brescia,999
294,2018/2019,1801,Pavia,1968
295,2018/2019,2101,Bolzano,536
296,2018/2019,2201,Trento,727
297,2018/2019,2301,Verona,1103
298,2018/2019,2701,Venezia Cà Foscari,1390
299,2018/2019,2702,Venezia Iuav,282
300,2018/2019,2801,Padova,2870
301,2018/2019,3001,Udine,811
302,2018/2019,3201,Trieste,1156
303,2018/2019,3401,Parma,1694
304,2018/2019,3601,Modena e Reggio Emilia,1392
305,2018/2019,3701,Bologna,6869
306,2018/2019,3801,Ferrara,1052
307,2018/2019,4101,Urbino,872
308,2018/2019,4201,Marche,695
309,2018/2019,4301,Macerata,450
310,2018/2019,4302,Camerino,655
311,2018/2019,4801,Firenze,3984
312,2018/2019,4804,Firenze IUL - telematica,2
313,2018/2019,5001,Pisa,1798
314,2018/2019,5201,Siena,1403
315,2018/2019,5202,Siena Stranieri,245
316,2018/2019,5401,Perugia,1394
317,2018/2019,5403,Perugia Stranieri,385
318,2018/2019,5601,Tuscia,251
319,2018/2019,5801,Roma La Sapienza,7630
320,2018/2019,5802,Roma Tor Vergata,2204
321,2018/2019,5803,Roma LUMSA,236
322,2018/2019,5805,Roma LUISS,253
323,2018/2019,5806,Roma Foro Italico,54
324,2018/2019,5807,Roma Tre,1518
325,2018/2019,5808,Roma Biomedico,13
326,2018/2019,5809,Roma UNINT,61
327,2018/2019,5810,Roma Marconi - telematica,169
328,2018/2019,5811,Roma UNITELMA - telematica,39
329,2018/2019,5812,Roma Europea,24
330,2018/2019,5813,Roma UNINETTUNO - telematica,565
331,2018/2019,5814,Roma  Mercatorum - telematica,60
332,2018/2019,5815,Roma UNICUSANO - telematica,415
333,2018/2019,5816,Roma San Raffaele - telematica,51
334,2018/2019,5817,Roma Link Campus,42
335,2018/2019,5818,Roma Saint Camillus,55
336,2018/2019,6001,Cassino,492
337,2018/2019,6201,Sannio,41
338,2018/2019,6202,Benevento Giustino Fortunato - telematica,9
339,2018/2019,6301,Napoli Federico II,576
340,2018/2019,6302,Napoli Parthenope,77
341,2018/2019,6303,Napoli L'Orientale,451
342,2018/2019,6304,Napoli Benincasa,37
343,2018/2019,6306,Napoli Vanvitelli,309
344,2018/2019,6307,Napoli Pegaso - telematica,364
345,2018/2019,6501,Salerno,407
346,2018/2019,6601,L'Aquila,552
347,2018/2019,6701,Teramo,122
348,2018/2019,6901,Chieti e Pescara,552
349,2018/2019,6902,Torrevecchia Teatina Leonardo da Vinci - telematica,1
350,2018/2019,7001,Molise,95
351,2018/2019,7101,Foggia,118
352,2018/2019,7201,Bari,641
353,2018/2019,7202,Bari Politecnico,117
354,2018/2019,7203,Casamassima - G.Degennaro,6
355,2018/2019,7501,Salento,164
356,2018/2019,7601,Basilicata,32
357,2018/2019,7801,Calabria,786
358,2018/2019,7901,Catanzaro,128
359,2018/2019,8001,Reggio Calabria,66
360,2018/2019,8003,Reggio Calabria - Dante Alighieri,146
361,2018/2019,8201,Palermo,403
362,2018/2019,8301,Messina,421
363,2018/2019,8601,Enna KORE,18
364,2018/2019,8701,Catania,303
365,2018/2019,9001,Sassari,276
366,2018/2019,9201,Cagliari,320
367,2017/2018,101,Torino,4366
368,2017/2018,102,Torino Politecnico,4164
369,2017/2018,201,Piemonte Orientale,809
370,2017/2018,401,Bra Scienze Gastronomiche,96
371,2017/2018,701,Aosta,60
372,2017/2018,1001,Genova,2970
373,2017/2018,1201,Castellanza LIUC,34
374,2017/2018,1202,Insubria,586
375,2017/2018,1301,Novedrate e-Campus - telematica,343
376,2017/2018,1501,Milano,3912
377,2017/2018,1502,Milano Politecnico,6676
378,2017/2018,1503,Milano Bocconi,1992
379,2017/2018,1504,Milano Cattolica,2036
380,2017/2018,1505,Milano IULM,211
381,2017/2018,1508,Milano San Raffaele,136
382,2017/2018,1509,Milano Bicocca,1923
383,2017/2018,1510,Rozzano (MI) Humanitas University,194
384,2017/2018,1601,Bergamo,1168
385,2017/2018,1701,Brescia,1003
386,2017/2018,1801,Pavia,1703
387,2017/2018,2101,Bolzano,543
388,2017/2018,2201,Trento,717
389,2017/2018,2301,Verona,1213
390,2017/2018,2701,Venezia Cà Foscari,1202
391,2017/2018,2702,Venezia Iuav,253
392,2017/2018,2801,Padova,2629
393,2017/2018,3001,Udine,873
394,2017/2018,3201,Trieste,1222
395,2017/2018,3401,Parma,1682
396,2017/2018,3601,Modena e Reggio Emilia,1370
397,2017/2018,3701,Bologna,6221
398,2017/2018,3801,Ferrara,1026
399,2017/2018,4101,Urbino,901
400,2017/2018,4201,Marche,692
401,2017/2018,4301,Macerata,435
402,2017/2018,4302,Camerino,667
403,2017/2018,4801,Firenze,3816
404,2017/2018,4804,Firenze IUL - telematica,8
405,2017/2018,5001,Pisa,1745
406,2017/2018,5201,Siena,1410
407,2017/2018,5202,Siena Stranieri,244
408,2017/2018,5401,Perugia,1327
409,2017/2018,5403,Perugia Stranieri,343
410,2017/2018,5601,Tuscia,218
411,2017/2018,5801,Roma La Sapienza,6808
412,2017/2018,5802,Roma Tor Vergata,1958
413,2017/2018,5803,Roma LUMSA,236
414,2017/2018,5805,Roma LUISS,159
415,2017/2018,5806,Roma Foro Italico,53
416,2017/2018,5807,Roma Tre,1498
417,2017/2018,5808,Roma Biomedico,12
418,2017/2018,5809,Roma UNINT,63
419,2017/2018,5810,Roma Marconi - telematica,170
420,2017/2018,5811,Roma UNITELMA - telematica,23
421,2017/2018,5812,Roma Europea,17
422,2017/2018,5813,Roma UNINETTUNO - telematica,409
423,2017/2018,5814,Roma  Mercatorum - telematica,37
424,2017/2018,5815,Roma UNICUSANO - telematica,359
425,2017/2018,5816,Roma San Raffaele - telematica,47
426,2017/2018,5817,Roma Link Campus,37
427,2017/2018,6001,Cassino,375
428,2017/2018,6201,Sannio,36
429,2017/2018,6202,Benevento Giustino Fortunato - telematica,5
430,2017/2018,6301,Napoli Federico II,487
431,2017/2018,6302,Napoli Parthenope,85
432,2017/2018,6303,Napoli L'Orientale,433
433,2017/2018,6304,Napoli Benincasa,50
434,2017/2018,6306,Napoli Vanvitelli,264
435,2017/2018,6307,Napoli Pegaso - telematica,147
436,2017/2018,6501,Salerno,324
437,2017/2018,6601,L'Aquila,565
438,2017/2018,6701,Teramo,103
439,2017/2018,6901,Chieti e Pescara,545
440,2017/2018,6902,Torrevecchia Teatina Leonardo da Vinci - telematica,2
441,2017/2018,7001,Molise,76
442,2017/2018,7101,Foggia,101
443,2017/2018,7201,Bari,669
444,2017/2018,7202,Bari Politecnico,104
445,2017/2018,7203,Casamassima - G.Degennaro,7
446,2017/2018,7501,Salento,170
447,2017/2018,7601,Basilicata,50
448,2017/2018,7801,Calabria,760
449,2017/2018,7901,Catanzaro,112
450,2017/2018,8001,Reggio Calabria,53
451,2017/2018,8003,Reggio Calabria - Dante Alighieri,156
452,2017/2018,8201,Palermo,320
453,2017/2018,8301,Messina,334
454,2017/2018,8601,Enna KORE,22
455,2017/2018,8701,Catania,279
456,2017/2018,9001,Sassari,232
457,2017/2018,9201,Cagliari,261
458,2016/2017,101,Torino,3871
459,2016/2017,102,Torino Politecnico,4103
460,2016/2017,201,Piemonte Orientale,738
461,2016/2017,401,Bra Scienze Gastronomiche,85
462,2016/2017,701,Aosta,62
463,2016/2017,1001,Genova,2746
464,2016/2017,1201,Castellanza LIUC,46
465,2016/2017,1202,Insubria,551
466,2016/2017,1301,Novedrate e-Campus - telematica,286
467,2016/2017,1501,Milano,3648
468,2016/2017,1502,Milano Politecnico,5874
469,2016/2017,1503,Milano Bocconi,1787
470,2016/2017,1504,Milano Cattolica,1904
471,2016/2017,1505,Milano IULM,204
472,2016/2017,1508,Milano San Raffaele,116
473,2016/2017,1509,Milano Bicocca,1896
474,2016/2017,1510,Rozzano (MI) Humanitas University,143
475,2016/2017,1601,Bergamo,1022
476,2016/2017,1701,Brescia,976
477,2016/2017,1801,Pavia,1559
478,2016/2017,2101,Bolzano,482
479,2016/2017,2201,Trento,783
480,2016/2017,2301,Verona,1217
481,2016/2017,2701,Venezia Cà Foscari,1049
482,2016/2017,2702,Venezia Iuav,231
483,2016/2017,2801,Padova,2500
484,2016/2017,3001,Udine,941
485,2016/2017,3201,Trieste,1206
486,2016/2017,3401,Parma,1488
487,2016/2017,3601,Modena e Reggio Emilia,1261
488,2016/2017,3701,Bologna,5491
489,2016/2017,3801,Ferrara,856
490,2016/2017,4101,Urbino,900
491,2016/2017,4201,Marche,668
492,2016/2017,4301,Macerata,455
493,2016/2017,4302,Camerino,616
494,2016/2017,4801,Firenze,3693
495,2016/2017,4804,Firenze IUL - telematica,12
496,2016/2017,5001,Pisa,1723
497,2016/2017,5201,Siena,1220
498,2016/2017,5202,Siena Stranieri,227
499,2016/2017,5401,Perugia,1254
500,2016/2017,5403,Perugia Stranieri,341
501,2016/2017,5601,Tuscia,198
502,2016/2017,5801,Roma La Sapienza,5886
503,2016/2017,5802,Roma Tor Vergata,1701
504,2016/2017,5803,Roma LUMSA,273
505,2016/2017,5805,Roma LUISS,149
506,2016/2017,5806,Roma Foro Italico,45
507,2016/2017,5807,Roma Tre,1445
508,2016/2017,5808,Roma Biomedico,11
509,2016/2017,5809,Roma UNINT,67
510,2016/2017,5810,Roma Marconi - telematica,150
511,2016/2017,5811,Roma UNITELMA - telematica,16
512,2016/2017,5812,Roma Europea,19
513,2016/2017,5813,Roma UNINETTUNO - telematica,344
514,2016/2017,5814,Roma  Mercatorum - telematica,16
515,2016/2017,5815,Roma UNICUSANO - telematica,298
516,2016/2017,5816,Roma San Raffaele - telematica,44
517,2016/2017,5817,Roma Link Campus,31
518,2016/2017,6001,Cassino,275
519,2016/2017,6201,Sannio,25
520,2016/2017,6202,Benevento Giustino Fortunato - telematica,4
521,2016/2017,6301,Napoli Federico II,450
522,2016/2017,6302,Napoli Parthenope,77
523,2016/2017,6303,Napoli L'Orientale,372
524,2016/2017,6304,Napoli Benincasa,52
525,2016/2017,6306,Napoli Vanvitelli,219
526,2016/2017,6307,Napoli Pegaso - telematica,68
527,2016/2017,6501,Salerno,308
528,2016/2017,6601,L'Aquila,551
529,2016/2017,6701,Teramo,107
530,2016/2017,6901,Chieti e Pescara,519
531,2016/2017,6902,Torrevecchia Teatina Leonardo da Vinci - telematica,5
532,2016/2017,7001,Molise,60
533,2016/2017,7101,Foggia,90
534,2016/2017,7201,Bari,654
535,2016/2017,7202,Bari Politecnico,90
536,2016/2017,7203,Casamassima - G.Degennaro,6
537,2016/2017,7501,Salento,152
538,2016/2017,7601,Basilicata,55
539,2016/2017,7801,Calabria,641
540,2016/2017,7901,Catanzaro,93
541,2016/2017,8001,Reggio Calabria,54
542,2016/2017,8003,Reggio Calabria - Dante Alighieri,165
543,2016/2017,8201,Palermo,269
544,2016/2017,8301,Messina,248
545,2016/2017,8601,Enna KORE,23
546,2016/2017,8701,Catania,267
547,2016/2017,9001,Sassari,223
548,2016/2017,9201,Cagliari,242
549,2015/2016,101,Torino,3708
550,2015/2016,102,Torino Politecnico,4341
551,2015/2016,201,Piemonte Orientale,677
552,2015/2016,401,Bra Scienze Gastronomiche,77
553,2015/2016,701,Aosta,55
554,2015/2016,1001,Genova,2617
555,2015/2016,1201,Castellanza LIUC,41
556,2015/2016,1202,Insubria,524
557,2015/2016,1301,Novedrate e-Campus - telematica,239
558,2015/2016,1501,Milano,3470
559,2015/2016,1502,Milano Politecnico,4896
560,2015/2016,1503,Milano Bocconi,1482
561,2015/2016,1504,Milano Cattolica,1754
562,2015/2016,1505,Milano IULM,201
563,2015/2016,1508,Milano San Raffaele,109
564,2015/2016,1509,Milano Bicocca,1850
565,2015/2016,1510,Rozzano (MI) Humanitas University,88
566,2015/2016,1601,Bergamo,898
567,2015/2016,1701,Brescia,959
568,2015/2016,1801,Pavia,1471
569,2015/2016,2101,Bolzano,475
570,2015/2016,2201,Trento,851
571,2015/2016,2301,Verona,1182
572,2015/2016,2701,Venezia Cà Foscari,982
573,2015/2016,2702,Venezia Iuav,225
574,2015/2016,2801,Padova,2439
575,2015/2016,3001,Udine,882
576,2015/2016,3201,Trieste,1222
577,2015/2016,3401,Parma,1411
578,2015/2016,3601,Modena e Reggio Emilia,1269
579,2015/2016,3701,Bologna,5091
580,2015/2016,3801,Ferrara,818
581,2015/2016,4101,Urbino,930
582,2015/2016,4201,Marche,669
583,2015/2016,4301,Macerata,423
584,2015/2016,4302,Camerino,557
585,2015/2016,4801,Firenze,3563
586,2015/2016,4804,Firenze IUL - telematica,9
587,2015/2016,5001,Pisa,1585
588,2015/2016,5201,Siena,986
589,2015/2016,5202,Siena Stranieri,215
590,2015/2016,5401,Perugia,1169
591,2015/2016,5403,Perugia Stranieri,353
592,2015/2016,5601,Tuscia,208
593,2015/2016,5801,Roma La Sapienza,5311
594,2015/2016,5802,Roma Tor Vergata,1560
595,2015/2016,5803,Roma LUMSA,288
596,2015/2016,5805,Roma LUISS,134
597,2015/2016,5806,Roma Foro Italico,49
598,2015/2016,5807,Roma Tre,1443
599,2015/2016,5808,Roma Biomedico,10
600,2015/2016,5809,Roma UNINT,54
601,2015/2016,5810,Roma Marconi - telematica,131
602,2015/2016,5811,Roma UNITELMA - telematica,13
603,2015/2016,5812,Roma Europea,11
604,2015/2016,5813,Roma UNINETTUNO - telematica,328
605,2015/2016,5814,Roma  Mercatorum - telematica,4
606,2015/2016,5815,Roma UNICUSANO - telematica,229
607,2015/2016,5816,Roma San Raffaele - telematica,32
608,2015/2016,5817,Roma Link Campus,29
609,2015/2016,6001,Cassino,238
610,2015/2016,6201,Sannio,29
611,2015/2016,6202,Benevento Giustino Fortunato - telematica,2
612,2015/2016,6301,Napoli Federico II,387
613,2015/2016,6302,Napoli Parthenope,75
614,2015/2016,6303,Napoli L'Orientale,367
615,2015/2016,6304,Napoli Benincasa,39
616,2015/2016,6306,Napoli Vanvitelli,182
617,2015/2016,6307,Napoli Pegaso - telematica,48
618,2015/2016,6501,Salerno,274
619,2015/2016,6601,L'Aquila,542
620,2015/2016,6701,Teramo,117
621,2015/2016,6901,Chieti e Pescara,510
622,2015/2016,6902,Torrevecchia Teatina Leonardo da Vinci - telematica,4
623,2015/2016,7001,Molise,64
624,2015/2016,7101,Foggia,91
625,2015/2016,7201,Bari,684
626,2015/2016,7202,Bari Politecnico,85
627,2015/2016,7203,Casamassima - G.Degennaro,5
628,2015/2016,7501,Salento,128
629,2015/2016,7601,Basilicata,44
630,2015/2016,7801,Calabria,585
631,2015/2016,7901,Catanzaro,86
632,2015/2016,8001,Reggio Calabria,41
633,2015/2016,8003,Reggio Calabria - Dante Alighieri,76
634,2015/2016,8201,Palermo,275
635,2015/2016,8301,Messina,251
636,2015/2016,8601,Enna KORE,23
637,2015/2016,8701,Catania,256
638,2015/2016,9001,Sassari,196
639,2015/2016,9201,Cagliari,236
640,2014/2015,101,Torino,3641
641,2014/2015,102,Torino Politecnico,4446
642,2014/2015,201,Piemonte Orientale,651
643,2014/2015,401,Bra Scienze Gastronomiche,71
644,2014/2015,701,Aosta,61
645,2014/2015,1001,Genova,2551
646,2014/2015,1201,Castellanza LIUC,27
647,2014/2015,1202,Insubria,527
648,2014/2015,1301,Novedrate e-Campus - telematica,211
649,2014/2015,1501,Milano,3279
650,2014/2015,1502,Milano Politecnico,4300
651,2014/2015,1503,Milano Bocconi,1445
652,2014/2015,1504,Milano Cattolica,1713
653,2014/2015,1505,Milano IULM,194
654,2014/2015,1508,Milano San Raffaele,90
655,2014/2015,1509,Milano Bicocca,1839
656,2014/2015,1510,Rozzano (MI) Humanitas University,15
657,2014/2015,1601,Bergamo,838
658,2014/2015,1701,Brescia,1016
659,2014/2015,1801,Pavia,1395
660,2014/2015,2101,Bolzano,466
661,2014/2015,2201,Trento,966
662,2014/2015,2301,Verona,1200
663,2014/2015,2701,Venezia Cà Foscari,954
664,2014/2015,2702,Venezia Iuav,250
665,2014/2015,2801,Padova,2465
666,2014/2015,3001,Udine,857
667,2014/2015,3201,Trieste,1324
668,2014/2015,3401,Parma,1371
669,2014/2015,3601,Modena e Reggio Emilia,1198
670,2014/2015,3701,Bologna,4992
671,2014/2015,3801,Ferrara,776
672,2014/2015,4101,Urbino,949
673,2014/2015,4201,Marche,650
674,2014/2015,4301,Macerata,440
675,2014/2015,4302,Camerino,590
676,2014/2015,4801,Firenze,3570
677,2014/2015,5001,Pisa,1553
678,2014/2015,5201,Siena,883
679,2014/2015,5202,Siena Stranieri,217
680,2014/2015,5401,Perugia,1158
681,2014/2015,5403,Perugia Stranieri,376
682,2014/2015,5601,Tuscia,180
683,2014/2015,5801,Roma La Sapienza,5187
684,2014/2015,5802,Roma Tor Vergata,1447
685,2014/2015,5803,Roma LUMSA,253
686,2014/2015,5805,Roma LUISS,123
687,2014/2015,5806,Roma Foro Italico,53
688,2014/2015,5807,Roma Tre,1452
689,2014/2015,5808,Roma Biomedico,8
690,2014/2015,5809,Roma UNINT,43
691,2014/2015,5810,Roma Marconi - telematica,106
692,2014/2015,5811,Roma UNITELMA - telematica,14
693,2014/2015,5812,Roma Europea,12
694,2014/2015,5813,Roma UNINETTUNO - telematica,318
695,2014/2015,5814,Roma  Mercatorum - telematica,6
696,2014/2015,5815,Roma UNICUSANO - telematica,174
697,2014/2015,5816,Roma San Raffaele - telematica,18
698,2014/2015,5817,Roma Link Campus,25
699,2014/2015,6001,Cassino,206
700,2014/2015,6201,Sannio,23
701,2014/2015,6202,Benevento Giustino Fortunato - telematica,1
702,2014/2015,6301,Napoli Federico II,380
703,2014/2015,6302,Napoli Parthenope,67
704,2014/2015,6303,Napoli L'Orientale,333
705,2014/2015,6304,Napoli Benincasa,34
706,2014/2015,6306,Napoli Vanvitelli,151
707,2014/2015,6307,Napoli Pegaso - telematica,37
708,2014/2015,6501,Salerno,246
709,2014/2015,6601,L'Aquila,573
710,2014/2015,6701,Teramo,122
711,2014/2015,6901,Chieti e Pescara,528
712,2014/2015,6902,Torrevecchia Teatina Leonardo da Vinci - telematica,3
713,2014/2015,7001,Molise,55
714,2014/2015,7101,Foggia,88
715,2014/2015,7201,Bari,739
716,2014/2015,7202,Bari Politecnico,87
717,2014/2015,7203,Casamassima - G.Degennaro,5
718,2014/2015,7501,Salento,139
719,2014/2015,7601,Basilicata,45
720,2014/2015,7801,Calabria,553
721,2014/2015,7901,Catanzaro,81
722,2014/2015,8001,Reggio Calabria,37
723,2014/2015,8003,Reggio Calabria - Dante Alighieri,69
724,2014/2015,8201,Palermo,284
725,2014/2015,8301,Messina,276
726,2014/2015,8601,Enna KORE,19
727,2014/2015,8701,Catania,256
728,2014/2015,9001,Sassari,167
729,2014/2015,9201,Cagliari,212
730,2013/2014,101,Torino,3656
731,2013/2014,102,Torino Politecnico,4539
732,2013/2014,201,Piemonte Orientale,586
733,2013/2014,401,Bra Scienze Gastronomiche,62
734,2013/2014,701,Aosta,56
735,2013/2014,1001,Genova,2493
736,2013/2014,1201,Castellanza LIUC,26
737,2013/2014,1202,Insubria,515
738,2013/2014,1301,Novedrate e-Campus - telematica,164
739,2013/2014,1501,Milano,3116
740,2013/2014,1502,Milano Politecnico,4060
741,2013/2014,1503,Milano Bocconi,1482
742,2013/2014,1504,Milano Cattolica,1741
743,2013/2014,1505,Milano IULM,189
744,2013/2014,1508,Milano San Raffaele,69
745,2013/2014,1509,Milano Bicocca,1788
746,2013/2014,1601,Bergamo,759
747,2013/2014,1701,Brescia,1022
748,2013/2014,1801,Pavia,1313
749,2013/2014,2101,Bolzano,440
750,2013/2014,2201,Trento,1017
751,2013/2014,2301,Verona,1170
752,2013/2014,2701,Venezia Cà Foscari,886
753,2013/2014,2702,Venezia Iuav,251
754,2013/2014,2801,Padova,2395
755,2013/2014,3001,Udine,870
756,2013/2014,3201,Trieste,1396
757,2013/2014,3401,Parma,1409
758,2013/2014,3601,Modena e Reggio Emilia,1200
759,2013/2014,3701,Bologna,4994
760,2013/2014,3801,Ferrara,766
761,2013/2014,4101,Urbino,960
762,2013/2014,4201,Marche,647
763,2013/2014,4301,Macerata,425
764,2013/2014,4302,Camerino,636
765,2013/2014,4801,Firenze,3440
766,2013/2014,5001,Pisa,1461
767,2013/2014,5201,Siena,774
768,2013/2014,5202,Siena Stranieri,195
769,2013/2014,5401,Perugia,1168
770,2013/2014,5403,Perugia Stranieri,412
771,2013/2014,5601,Tuscia,179
772,2013/2014,5801,Roma La Sapienza,5017
773,2013/2014,5802,Roma Tor Vergata,1360
774,2013/2014,5803,Roma LUMSA,222
775,2013/2014,5805,Roma LUISS,114
776,2013/2014,5806,Roma Foro Italico,57
777,2013/2014,5807,Roma Tre,1376
778,2013/2014,5808,Roma Biomedico,10
779,2013/2014,5809,Roma UNINT,31
780,2013/2014,5810,Roma Marconi - telematica,121
781,2013/2014,5811,Roma UNITELMA - telematica,14
782,2013/2014,5812,Roma Europea,11
783,2013/2014,5813,Roma UNINETTUNO - telematica,318
784,2013/2014,5814,Roma  Mercatorum - telematica,4
785,2013/2014,5815,Roma UNICUSANO - telematica,138
786,2013/2014,5816,Roma San Raffaele - telematica,22
787,2013/2014,5817,Roma Link Campus,18
788,2013/2014,6001,Cassino,161
789,2013/2014,6201,Sannio,22
790,2013/2014,6202,Benevento Giustino Fortunato - telematica,1
791,2013/2014,6301,Napoli Federico II,374
792,2013/2014,6302,Napoli Parthenope,67
793,2013/2014,6303,Napoli L'Orientale,330
794,2013/2014,6304,Napoli Benincasa,44
795,2013/2014,6306,Napoli Vanvitelli,110
796,2013/2014,6307,Napoli Pegaso - telematica,26
797,2013/2014,6501,Salerno,233
798,2013/2014,6601,L'Aquila,584
799,2013/2014,6701,Teramo,122
800,2013/2014,6901,Chieti e Pescara,532
801,2013/2014,6902,Torrevecchia Teatina Leonardo da Vinci - telematica,4
802,2013/2014,7001,Molise,53
803,2013/2014,7101,Foggia,91
804,2013/2014,7201,Bari,757
805,2013/2014,7202,Bari Politecnico,91
806,2013/2014,7203,Casamassima - G.Degennaro,5
807,2013/2014,7501,Salento,156
808,2013/2014,7601,Basilicata,40
809,2013/2014,7801,Calabria,522
810,2013/2014,7901,Catanzaro,90
811,2013/2014,8001,Reggio Calabria,45
812,2013/2014,8003,Reggio Calabria - Dante Alighieri,40
813,2013/2014,8201,Palermo,305
814,2013/2014,8301,Messina,285
815,2013/2014,8601,Enna KORE,23
816,2013/2014,8701,Catania,297
817,2013/2014,9001,Sassari,165
818,2013/2014,9201,Cagliari,202
819,2012/2013,101,Torino,3700
820,2012/2013,102,Torino Politecnico,4196
821,2012/2013,201,Piemonte Orientale,536
822,2012/2013,401,Bra Scienze Gastronomiche,76
823,2012/2013,701,Aosta,50
824,2012/2013,1001,Genova,2436
825,2012/2013,1201,Castellanza LIUC,21
826,2012/2013,1202,Insubria,486
827,2012/2013,1301,Novedrate e-Campus - telematica,153
828,2012/2013,1501,Milano,2902
829,2012/2013,1502,Milano Politecnico,3871
830,2012/2013,1503,Milano Bocconi,1471
831,2012/2013,1504,Milano Cattolica,1663
832,2012/2013,1505,Milano IULM,172
833,2012/2013,1508,Milano San Raffaele,56
834,2012/2013,1509,Milano Bicocca,1778
835,2012/2013,1601,Bergamo,730
836,2012/2013,1701,Brescia,948
837,2012/2013,1801,Pavia,1277
838,2012/2013,2101,Bolzano,473
839,2012/2013,2201,Trento,1114
840,2012/2013,2301,Verona,1221
841,2012/2013,2701,Venezia Cà Foscari,793
842,2012/2013,2702,Venezia Iuav,252
843,2012/2013,2801,Padova,2389
844,2012/2013,3001,Udine,825
845,2012/2013,3201,Trieste,1470
846,2012/2013,3401,Parma,1370
847,2012/2013,3601,Modena e Reggio Emilia,1099
848,2012/2013,3701,Bologna,4980
849,2012/2013,3801,Ferrara,795
850,2012/2013,4101,Urbino,1013
851,2012/2013,4201,Marche,641
852,2012/2013,4301,Macerata,408
853,2012/2013,4302,Camerino,544
854,2012/2013,4801,Firenze,3310
855,2012/2013,5001,Pisa,1344
856,2012/2013,5201,Siena,731
857,2012/2013,5202,Siena Stranieri,158
858,2012/2013,5401,Perugia,1239
859,2012/2013,5403,Perugia Stranieri,443
860,2012/2013,5601,Tuscia,166
861,2012/2013,5801,Roma La Sapienza,5141
862,2012/2013,5802,Roma Tor Vergata,1358
863,2012/2013,5803,Roma LUMSA,219
864,2012/2013,5805,Roma LUISS,131
865,2012/2013,5806,Roma Foro Italico,59
866,2012/2013,5807,Roma Tre,1256
867,2012/2013,5808,Roma Biomedico,12
868,2012/2013,5809,Roma UNINT,27
869,2012/2013,5810,Roma Marconi - telematica,107
870,2012/2013,5811,Roma UNITELMA - telematica,15
871,2012/2013,5812,Roma Europea,14
872,2012/2013,5813,Roma UNINETTUNO - telematica,269
873,2012/2013,5814,Roma  Mercatorum - telematica,3
874,2012/2013,5815,Roma UNICUSANO - telematica,100
875,2012/2013,5816,Roma San Raffaele - telematica,21
876,2012/2013,6001,Cassino,136
877,2012/2013,6201,Sannio,28
878,2012/2013,6202,Benevento Giustino Fortunato - telematica,1
879,2012/2013,6301,Napoli Federico II,417
880,2012/2013,6302,Napoli Parthenope,63
881,2012/2013,6303,Napoli L'Orientale,299
882,2012/2013,6304,Napoli Benincasa,41
883,2012/2013,6306,Napoli Vanvitelli,101
884,2012/2013,6307,Napoli Pegaso - telematica,12
885,2012/2013,6501,Salerno,211
886,2012/2013,6601,L'Aquila,560
887,2012/2013,6701,Teramo,133
888,2012/2013,6901,Chieti e Pescara,530
889,2012/2013,6902,Torrevecchia Teatina Leonardo da Vinci - telematica,5
890,2012/2013,7001,Molise,46
891,2012/2013,7101,Foggia,101
892,2012/2013,7201,Bari,776
893,2012/2013,7202,Bari Politecnico,87
894,2012/2013,7203,Casamassima - G.Degennaro,3
895,2012/2013,7501,Salento,148
896,2012/2013,7601,Basilicata,30
897,2012/2013,7801,Calabria,501
898,2012/2013,7901,Catanzaro,94
899,2012/2013,8001,Reggio Calabria,44
900,2012/2013,8003,Reggio Calabria - Dante Alighieri,38
901,2012/2013,8201,Palermo,287
902,2012/2013,8301,Messina,302
903,2012/2013,8601,Enna KORE,22
904,2012/2013,8701,Catania,329
905,2012/2013,9001,Sassari,155
906,2012/2013,9201,Cagliari,194
907,2011/2012,101,Torino,3610
908,2011/2012,102,Torino Politecnico,4040
909,2011/2012,201,Piemonte Orientale,446
910,2011/2012,401,Bra Scienze Gastronomiche,72
911,2011/2012,701,Aosta,52
912,2011/2012,1001,Genova,2396
913,2011/2012,1201,Castellanza LIUC,22
914,2011/2012,1202,Insubria,461
915,2011/2012,1301,Novedrate e-Campus - telematica,139
916,2011/2012,1501,Milano,2663
917,2011/2012,1502,Milano Politecnico,3541
918,2011/2012,1503,Milano Bocconi,1390
919,2011/2012,1504,Milano Cattolica,1639
920,2011/2012,1505,Milano IULM,148
921,2011/2012,1508,Milano San Raffaele,47
922,2011/2012,1509,Milano Bicocca,1633
923,2011/2012,1601,Bergamo,698
924,2011/2012,1701,Brescia,891
925,2011/2012,1801,Pavia,1142
926,2011/2012,2101,Bolzano,501
927,2011/2012,2201,Trento,1076
928,2011/2012,2301,Verona,1230
929,2011/2012,2701,Venezia Cà Foscari,702
930,2011/2012,2702,Venezia Iuav,264
931,2011/2012,2801,Padova,2367
932,2011/2012,3001,Udine,750
933,2011/2012,3201,Trieste,1516
934,2011/2012,3401,Parma,1418
935,2011/2012,3601,Modena e Reggio Emilia,1090
936,2011/2012,3701,Bologna,4924
937,2011/2012,3801,Ferrara,818
938,2011/2012,4101,Urbino,1055
939,2011/2012,4201,Marche,626
940,2011/2012,4301,Macerata,374
941,2011/2012,4302,Camerino,532
942,2011/2012,4801,Firenze,3125
943,2011/2012,5001,Pisa,1330
944,2011/2012,5201,Siena,770
945,2011/2012,5202,Siena Stranieri,137
946,2011/2012,5401,Perugia,1274
947,2011/2012,5403,Perugia Stranieri,452
948,2011/2012,5601,Tuscia,138
949,2011/2012,5801,Roma La Sapienza,5227
950,2011/2012,5802,Roma Tor Vergata,1343
951,2011/2012,5803,Roma LUMSA,213
952,2011/2012,5805,Roma LUISS,136
953,2011/2012,5806,Roma Foro Italico,54
954,2011/2012,5807,Roma Tre,1211
955,2011/2012,5808,Roma Biomedico,12
956,2011/2012,5809,Roma UNINT,20
957,2011/2012,5810,Roma Marconi - telematica,82
958,2011/2012,5811,Roma UNITELMA - telematica,5
959,2011/2012,5812,Roma Europea,11
960,2011/2012,5813,Roma UNINETTUNO - telematica,224
961,2011/2012,5814,Roma  Mercatorum - telematica,4
962,2011/2012,5815,Roma UNICUSANO - telematica,81
963,2011/2012,5816,Roma San Raffaele - telematica,9
964,2011/2012,6001,Cassino,139
965,2011/2012,6201,Sannio,29
966,2011/2012,6202,Benevento Giustino Fortunato - telematica,1
967,2011/2012,6301,Napoli Federico II,435
968,2011/2012,6302,Napoli Parthenope,60
969,2011/2012,6303,Napoli L'Orientale,262
970,2011/2012,6304,Napoli Benincasa,48
971,2011/2012,6306,Napoli Vanvitelli,99
972,2011/2012,6307,Napoli Pegaso - telematica,10
973,2011/2012,6501,Salerno,194
974,2011/2012,6601,L'Aquila,567
975,2011/2012,6701,Teramo,139
976,2011/2012,6901,Chieti e Pescara,577
977,2011/2012,6902,Torrevecchia Teatina Leonardo da Vinci - telematica,3
978,2011/2012,7001,Molise,43
979,2011/2012,7101,Foggia,93
980,2011/2012,7201,Bari,851
981,2011/2012,7202,Bari Politecnico,92
982,2011/2012,7203,Casamassima - G.Degennaro,4
983,2011/2012,7501,Salento,155
984,2011/2012,7601,Basilicata,28
985,2011/2012,7801,Calabria,492
986,2011/2012,7901,Catanzaro,91
987,2011/2012,8001,Reggio Calabria,49
988,2011/2012,8003,Reggio Calabria - Dante Alighieri,36
989,2011/2012,8201,Palermo,323
990,2011/2012,8301,Messina,301
991,2011/2012,8601,Enna KORE,15
992,2011/2012,8701,Catania,332
993,2011/2012,9001,Sassari,152
994,2011/2012,9201,Cagliari,183
995,2010/2011,101,Torino,3328
996,2010/2011,102,Torino Politecnico,3229
997,2010/2011,201,Piemonte Orientale,428
998,2010/2011,401,Bra Scienze Gastronomiche,65
999,2010/2011,701,Aosta,48
1000,2010/2011,1001,Genova,2339
1001,2010/2011,1201,Castellanza LIUC,23
1002,2010/2011,1202,Insubria,469
1003,2010/2011,1301,Novedrate e-Campus - telematica,84
1004,2010/2011,1501,Milano,2574
1005,2010/2011,1502,Milano Politecnico,3173
1006,2010/2011,1503,Milano Bocconi,1388
1007,2010/2011,1504,Milano Cattolica,1567
1008,2010/2011,1505,Milano IULM,153
1009,2010/2011,1508,Milano San Raffaele,33
1010,2010/2011,1509,Milano Bicocca,1522
1011,2010/2011,1601,Bergamo,694
1012,2010/2011,1701,Brescia,871
1013,2010/2011,1801,Pavia,1130
1014,2010/2011,2101,Bolzano,512
1015,2010/2011,2201,Trento,1037
1016,2010/2011,2301,Verona,1263
1017,2010/2011,2701,Venezia Cà Foscari,652
1018,2010/2011,2702,Venezia Iuav,277
1019,2010/2011,2801,Padova,2399
1020,2010/2011,3001,Udine,750
1021,2010/2011,3201,Trieste,1531
1022,2010/2011,3401,Parma,1394
1023,2010/2011,3601,Modena e Reggio Emilia,1034
1024,2010/2011,3701,Bologna,4739
1025,2010/2011,3801,Ferrara,841
1026,2010/2011,4101,Urbino,1048
1027,2010/2011,4201,Marche,644
1028,2010/2011,4301,Macerata,343
1029,2010/2011,4302,Camerino,485
1030,2010/2011,4801,Firenze,3119
1031,2010/2011,5001,Pisa,1305
1032,2010/2011,5201,Siena,799
1033,2010/2011,5202,Siena Stranieri,134
1034,2010/2011,5401,Perugia,1322
1035,2010/2011,5403,Perugia Stranieri,481
1036,2010/2011,5601,Tuscia,143
1037,2010/2011,5801,Roma La Sapienza,5299
1038,2010/2011,5802,Roma Tor Vergata,1253
1039,2010/2011,5803,Roma LUMSA,185
1040,2010/2011,5805,Roma LUISS,134
1041,2010/2011,5806,Roma Foro Italico,42
1042,2010/2011,5807,Roma Tre,1122
1043,2010/2011,5808,Roma Biomedico,17
1044,2010/2011,5809,Roma UNINT,28
1045,2010/2011,5810,Roma Marconi - telematica,66
1046,2010/2011,5811,Roma UNITELMA - telematica,9
1047,2010/2011,5812,Roma Europea,12
1048,2010/2011,5813,Roma UNINETTUNO - telematica,159
1049,2010/2011,5814,Roma  Mercatorum - telematica,3
1050,2010/2011,5815,Roma UNICUSANO - telematica,49
1051,2010/2011,5816,Roma San Raffaele - telematica,11
1052,2010/2011,6001,Cassino,128
1053,2010/2011,6201,Sannio,26
1054,2010/2011,6202,Benevento Giustino Fortunato - telematica,2
1055,2010/2011,6301,Napoli Federico II,441
1056,2010/2011,6302,Napoli Parthenope,62
1057,2010/2011,6303,Napoli L'Orientale,274
1058,2010/2011,6304,Napoli Benincasa,45
1059,2010/2011,6306,Napoli Vanvitelli,129
1060,2010/2011,6307,Napoli Pegaso - telematica,10
1061,2010/2011,6501,Salerno,178
1062,2010/2011,6601,L'Aquila,544
1063,2010/2011,6701,Teramo,134
1064,2010/2011,6901,Chieti e Pescara,592
1065,2010/2011,6902,Torrevecchia Teatina Leonardo da Vinci - telematica,2
1066,2010/2011,7001,Molise,48
1067,2010/2011,7101,Foggia,104
1068,2010/2011,7201,Bari,876
1069,2010/2011,7202,Bari Politecnico,94
1070,2010/2011,7203,Casamassima - G.Degennaro,4
1071,2010/2011,7501,Salento,189
1072,2010/2011,7601,Basilicata,25
1073,2010/2011,7801,Calabria,455
1074,2010/2011,7901,Catanzaro,89
1075,2010/2011,8001,Reggio Calabria,47
1076,2010/2011,8003,Reggio Calabria - Dante Alighieri,25
1077,2010/2011,8201,Palermo,343
1078,2010/2011,8301,Messina,321
1079,2010/2011,8601,Enna KORE,14
1080,2010/2011,8701,Catania,362
1081,2010/2011,9001,Sassari,139
1082,2010/2011,9201,Cagliari,164
